{
  "source_csv": "results/grading_sheet_post_grok.csv",
  "bert_model": "bert-base-uncased",
  "base": {
    "n_translate": 60,
    "n_unanswerable": 10,
    "accept_rate": 0.03333333333333333,
    "meteor": 0.12702620674996556,
    "bertscore_f1": 0.5526651824514072,
    "abstain_rate_unanswerable": 0.1,
    "hallucination_rate_unanswerable": 0.9,
    "by_direction": {
      "to_english": {
        "n": 30,
        "accept_rate": 0.06666666666666667,
        "meteor": 0.17883419455267885,
        "bertscore_f1": 0.6102372705936432
      },
      "to_slang": {
        "n": 30,
        "accept_rate": 0.0,
        "meteor": 0.07521821894725232,
        "bertscore_f1": 0.49509309430917103
      },
      "ALL": {
        "n": 60,
        "accept_rate": 0.03333333333333333,
        "meteor": 0.12702620674996556,
        "bertscore_f1": 0.5526651824514072
      }
    }
  },
  "tuned": {
    "n_translate": 60,
    "n_unanswerable": 10,
    "accept_rate": 0.08333333333333333,
    "meteor": 0.08905103668612321,
    "bertscore_f1": 0.48000689297914506,
    "abstain_rate_unanswerable": 1.0,
    "hallucination_rate_unanswerable": 0.0,
    "by_direction": {
      "to_english": {
        "n": 30,
        "accept_rate": 0.06666666666666667,
        "meteor": 0.11032972983980205,
        "bertscore_f1": 0.5215683341026306
      },
      "to_slang": {
        "n": 30,
        "accept_rate": 0.1,
        "meteor": 0.0677723435324444,
        "bertscore_f1": 0.4384454518556595
      },
      "ALL": {
        "n": 60,
        "accept_rate": 0.08333333333333333,
        "meteor": 0.08905103668612321,
        "bertscore_f1": 0.48000689297914506
      }
    }
  },
  "notes": {
    "accept": "substring: meaning or reference appears in prediction",
    "abstain": "unanswerable rows; hallucination = fail to abstain",
    "bertscore": "semantic F1 vs reference (translate rows only)",
    "meteor": "synonym-aware alignment vs reference (translate rows only)",
    "primary_metric": "human grading in grading_sheet_post_grok.csv (uv run python src/score_human.py)"
  }
}